rank,uri,artist_names,track_name,source,peak_rank,previous_rank,weeks_on_chart,streams
1,"spotify:track:73PS9sOst7Jwxn95n0AlBS","W Sound, Kris R., Ovy On The Drums","Pico Y Chao (W Sound 08)","WEA Latina",1,2,5,"1987809"
2,"spotify:track:68lbSrXDORS51pmyjZv712","BTS","SWIM","BIGHIT MUSIC",1,1,3,"1455976"
3,"spotify:track:3yidFe42tke37g3KP7wzZr","Mr Plata, El Americano 4KT","Las Muñequitas","Universal Music Colombia S.A.S.",1,3,14,"1437153"
4,"spotify:track:0bn8tRZZtmn6Zdq82T1mOf","Kris R., GeezyDee","TUKI TUKI","WEA Latina",4,7,4,"1410430"
5,"spotify:track:3CBEVPwR3kUXDoTx1lqFUQ","ARIA VEGA, Ryan Castro","CHÉVERE (premium_remix)","WEA Latina",2,4,8,"1399758"
6,"spotify:track:5pWjftak57bAYP6yjQPBhq","Kris R.","GANAS","WEA Latina",2,5,12,"1381572"
7,"spotify:track:5U3sC7aA5NxoMSeI1kmO2n","Blessd, Los Money Makers, Prodmonja","NUEVA YORK","WEA Latina",7,8,45,"1217548"
8,"spotify:track:2ZyrAym0sRLwt4PhGotHuI","Ryan Castro, Kapo, Gangsta","LA VILLA","AWOO Corp./Sony Music Latin",1,6,23,"1153357"
9,"spotify:track:6iOndD4OFo7GkaDypWQIou","W Sound, Beéle, Ovy On The Drums","La Plena - W Sound 05","WEA Latina",1,9,59,"1008305"
10,"spotify:track:0Sa8aRfGckW0qUGLrBwoBG","Lenin Ramírez","Todo Lo Fue","DEL Records",10,10,9,"999500"
11,"spotify:track:1tz7RZirwiuaJw2p0jbdHb","Omar Courtz","KOKO","Rimas Entertainment LLC.",11,21,6,"959438"
12,"spotify:track:1HEwEN64NjgTaHmo7LfkX8","Beéle","no tiene sentido","5020 Records",2,13,47,"889692"
13,"spotify:track:5yXt80BNZGbmHFd0NHZHNn","Grupo Firme","El Beneficio De La Duda","Music VIP Entertainment Presenta Grupo Firme",3,11,59,"879758"
14,"spotify:track:2E4TYekUduml1DWIqQWNcj","Yeison Jimenez, Luis Alfonso","Destino Final","Yeison Jimenez",1,12,18,"871737"
15,"spotify:track:6rZno3nqeT7hv2PnSWRuYS","Blessd","YOGURCITO","WEA Latina",4,15,84,"850796"
16,"spotify:track:6VfL3MEuYeJbDlD8m011HR","Beéle","quédate","5020 Records",2,14,47,"847888"
17,"spotify:track:1kJyDcBrZ7rSKnFtKc82vm","Blessd, Ovy On The Drums","AMISTA","WEA Latina",2,16,50,"824864"
18,"spotify:track:2dbbYIXYJQzJoUoOl6i0LY","Luister La Voz","La María","Dinastia INC",17,17,3,"780165"
19,"spotify:track:05VbdLk0EFNUdF2CSwFI3U","Kris R.","PH","WEA Latina",18,22,4,"762189"
20,"spotify:track:1PREzVLuDT6PSE9sej4wnV","Fuerza Regida, Grupo Frontera","COQUETA","Rancho Humilde/Streetmob Records/Grupo Frontera/Sony Music Latin",16,18,49,"742991"
21,"spotify:track:50QNXm5mb1sUNhI4iTSzl9","Feid","Que vuelta vox","Universal Music Latino/ Grabaciones Los Poderosos",21,25,3,"707923"
22,"spotify:track:0fMjldiEpgjbWQ4bBQwVzH","Kapo","UWAIE","Sony Music Latin/La Industria",1,30,86,"674107"
23,"spotify:track:4NyUIohBa3CEMGcXURYSOh","Herencia De Grandes","Ya Borracho","Rancho Humilde",23,29,14,"670403"
24,"spotify:track:4zqFA9MOG86u7uugR8QFDU","Kapo, Ryan Castro","DÓNDE","Sony Music Latin/La Industria",13,28,40,"667122"
25,"spotify:track:2lTm559tuIvatlT1u0JYG2","Bad Bunny","BAILE INoLVIDABLE","Rimas Entertainment LLC.",1,24,66,"663059"
26,"spotify:track:595wwjQiad6e6lSTScmXvz","Omar Courtz","POR SI MAÑANA NO ESTOY","Rimas Entertainment LLC.",25,52,7,"660076"
27,"spotify:track:7nrd0eIftH3NQLfgk20Qp9","Blessd, Anuel AA, Yan Block, Luar La L, Kris R., ROA","YOGURCITO REMIX (feat. Kris R., ROA)","WEA Latina",1,20,33,"651149"
28,"spotify:track:4zhk2RS2EZODmBW6il55Qj","Beéle, Ovy On The Drums","mi refe","5020 Records",1,19,70,"642019"
29,"spotify:track:4acvrfbXrDPFQNNDnFZnpC","Luister La Voz, maikol el insoportable","Ozono","Grupo B Entertainment",29,32,8,"641264"
30,"spotify:track:0Qe2g06yzLBuuSvVmFiweP","Nanpa Básico, Beéle","Hasta Aquí Llegué","5020 Records",3,37,90,"634423"
31,"spotify:track:0fea68AdmYNygeTGI4RC18","J Balvin, Bad Bunny","LA CANCIÓN","Universal Music Latino / Rimas",2,31,354,"633248"
32,"spotify:track:7bywjHOc0wSjGGbj04XbVi","Feid, ATL Jacob","LUNA","UMLE - Latino",1,34,123,"628868"
33,"spotify:track:7CGUgOBXrfaXXvY73GzOXE","Lil Naay","UNA BABY EN SANTIAGO","1844",33,79,4,"628176"
34,"spotify:track:46ufabZP6oK3ixmN6Gd753","Ryan Castro, Dongo","SANKA","AWOO Corp./Sony Music Latin",7,26,44,"627639"
35,"spotify:track:4sTnItbNUAcS5KDG6vTA5B","Blessd, Los Money Makers, Prodmonja","URUS BLUE","WEA Latina",22,33,45,"612978"
36,"spotify:track:5NbIHx26LyFkW2oSNSCYBV","Blessd, Ovy On The Drums","""EMHDM""","WEA Latina",12,56,7,"594417"
37,"spotify:track:3sK8wGT43QFpWrvNQsrQya","Bad Bunny","DtMF","Rimas Entertainment LLC.",1,42,66,"589687"
38,"spotify:track:2rKkfc4VZ74FQDc1FF1Zo6","BTS","Body to Body","BIGHIT MUSIC",10,27,3,"581719"
39,"spotify:track:614NVFo5csQqRnryl4jXs2","Héctor ""El Father"", Wisin & Yandel","El Teléfono","Machete Music",19,40,36,"576015"
40,"spotify:track:433eYQkvCgJKXh1o7LtplV","Yeison Jimenez","Por Qué la Envidia","YJ COMPANY",3,23,23,"575859"
41,"spotify:track:3KZCP2StVGdWkOKyRZNWA4","Plan B","Es un Secreto","Pina Records",18,38,271,"564148"
42,"spotify:track:2QP041AcWg8PwPIWP95RKN","Beéle","top diesel","5020 Records",3,50,47,"555823"
43,"spotify:track:1YAWMfsmduIrpqrjP45pFn","Omar Courtz, Ñengo Flow","FOREVER TU GANTEL","Rimas Entertainment LLC.",15,46,7,"549523"
44,"spotify:track:20dAJsyno9ZoBLJtqgQnUI","BTS","Hooligan","BIGHIT MUSIC",18,35,3,"543507"
45,"spotify:track:3bmpXHVie1GTy37OkXJ7Vc","BTS","2.0","BIGHIT MUSIC",26,49,3,"542905"
46,"spotify:track:7koAf6aZgjO6TS7bipfPD0","Ovy On The Drums, Quevedo, Beéle","YO y TÚ","WEA Latina",2,45,43,"542414"
47,"spotify:track:5sX4UiPdOdndSEWA6asUgh","El Bogueto, Anuel AA, Fuerza Regida, Yung Beef","Cuando No Era Cantante - Remix","El Bogueto",36,57,16,"541937"
48,"spotify:track:6ifUES3keWjwXgae8pXI3o","Danny Ocean","Me Rehúso","Atlantic Records",1,78,482,"536323"
49,"spotify:track:5oG6xYYuukHrsK1SLagCn0","J Balvin, Ryan Castro","Pal Agua","Capitol Records",49,82,2,"533153"
50,"spotify:track:6cZcn282SIMmuO8FHN8634","Yeison Jimenez","Vete","Yeison Jimenez",10,36,24,"529107"
51,"spotify:track:7hYlC6s0SXSIwtFlW6NgjT","W Sound, Myke Towers, Ovy On The Drums","5 Estrellas - W Sound 23","WEA Latina",29,140,8,"528761"
52,"spotify:track:13BDiikG6y5o5cQTK0HpW6","W Sound, Blessd, Ovy On The Drums","Soltera - W Sound 01","WEA Latina",1,66,88,"527418"
53,"spotify:track:569xAmXCkpM3IsEOiG4hWe","Kenny Die, Blessd, Kris R., Sebas","Ultra Complicado (feat. Sebas) - Remix","WEA Latina",3,73,60,"522486"
54,"spotify:track:281YJmnThveWjsWVic9Ym6","Kris R., Blessd","Las Piponas (Remix)","La K Company SAS",3,61,80,"520748"
55,"spotify:track:0lMafSfME2iJEE972bsQaK","Kybba, Sean Paul, Ryan Castro, Busy Signal","Ba Ba Bad Remix","Basshall",2,44,41,"514165"
56,"spotify:track:0a0JiZejbYYem1W31fldde","Ñengo Flow","En Las Noches Frias","Real G 4 Life",56,60,49,"512205"
57,"spotify:track:6qDTm2QbRSLlSmaUSJE6bF","Blessd, GeezyDee","DIOMEDEZ","WEA Latina",1,59,24,"507212"
58,"spotify:track:02p9i3R2ybjTwnsYxYWm2F","Kris R.","MIL D AURA","WEA Latina",21,92,8,"499198"
59,"spotify:track:7ns16ylM6sbxo9ZWIwyE5d","Danny Ocean, Kapo","Imagínate","Atlantic Records",1,88,74,"496597"
60,"spotify:track:3CbiuLMBPM6uV4a7HvkOib","Tony Dize, Plan B","Solos","Pina Records",29,70,182,"496570"
61,"spotify:track:1xRRW5ZrL7I9EG8CGZrXHE","Yeison Jimenez, Chayín Rubio","El Mejor - Remix","Yeison Jimenez",8,54,13,"491296"
62,"spotify:track:2btNsI4OvcVl7SAHQQDHFB","Blessd, Ovy On The Drums","Mírame","WEA Latina",1,62,103,"490137"
63,"spotify:track:7mU1fei7P9h4mpjP2Otdw5","J Balvin, Ryan Castro, DJ Snake","Tonto","Capitol Records",7,41,6,"486763"
64,"spotify:track:7sRXb5IgYWwVv1DaavHSNs","Blessd, Fuerza Regida, Ovy On The Drums","COMO OREO","WEA Latina",1,51,32,"485942"
65,"spotify:track:2Mgur7BKnpr7OG3izSNFTA","Bryant Myers, Anuel AA, Anonimus, Almighty","Esclava - Remix","Millogang Music Inc., Real Hasta La Muerte LLC, Anonimus Music, La Industria De Los Inmortales",46,77,74,"484868"
66,"spotify:track:2IFND3phjzIG1RcPnHh2hP","BTS","Like Animals","BIGHIT MUSIC",23,43,3,"482947"
67,"spotify:track:2BrfJdTXohQRtWBKsBTIp0","Arcángel","Por Amar A Ciegas","Cinq Recordings",26,69,12,"482253"
68,"spotify:track:39L3LdlHS3gqB62HPWaJRg","Bad Bunny","NO ME QUIERO CASAR","Rimas Entertainment LLC",19,71,84,"481766"
69,"spotify:track:2ALQyXMC26Vew7JX7ert9M","Blessd, Kris R.","POLOS OPUESTOS REMIX - BLESSD VERSION","WEA Latina",3,85,79,"481745"
70,"spotify:track:1o4xkdBe0RjSf2u6VXi4OI","Yan Block, Panda Black","444","SONAR LLC.",25,104,90,"481010"
71,"spotify:track:4B4Q7zfd0aHcuhQBfCRnH5","BTS","NORMAL","BIGHIT MUSIC",24,48,3,"477357"
72,"spotify:track:0nafF9MxcXJBQWv3BTKtdF","KAROL G, Feid","Verano Rosa","Bichota/Interscope Records",5,74,42,"474665"
73,"spotify:track:0KmrKOdScRDVYwWS8hkkdv","BTS","FYA","BIGHIT MUSIC",21,47,3,"474502"
74,"spotify:track:6J5kc12BW5HuP3d7C3vvx8","Bad Bunny","EoO","Rimas Entertainment LLC.",7,72,66,"471040"
75,"spotify:track:0a6ogDrZBvYgDjILgsQVaJ","Arcángel","Hace Mucho Tiempo","Pina Records",42,76,127,"469523"
76,"spotify:track:6C1RD7YQVvt3YQj0CmuTeu","Bad Bunny, Ozuna, Farruko, Arcángel, Ñengo Flow, DJ Luian, Mambo Kingz","Diles","Rimas Entertainment LLC",20,65,305,"469520"
77,"spotify:track:1pLCpA1RN8avJxSD3ZCwhj","Arcángel","Pa' Que La Pases Bien","Cinq Recordings",23,67,170,"469513"
78,"spotify:track:0JoHqmlqE0W0i9prt6kcHR","Maluma, Trap Capos, Noriel, Bryant Myers, Juhn","Cuatro Babys (feat. Trap Capos, Noriel, Bryant Myers & Juhn)","Sony Music Latin",16,68,138,"469202"
79,"spotify:track:3ClyThLf2bguwdMcm7hqZ2","Kris R., Blessd","COSITAS","WEA Latina",16,86,35,"466594"
80,"spotify:track:4YM3IYESNKXWYHbPXvMMVD","Kapo","NO CRY","Sony Music Latin/La Industria",47,96,20,"465626"
81,"spotify:track:4wu7jIeJCUhQJaXsXVit0e","Blessd","Palabras Sobran","WEA Latina",23,93,120,"465422"
82,"spotify:track:4feh4Ak3ZJfC6ibxkNzlkE","Boza, ELENA ROSE","orióN","Sony Music Latin",6,81,95,"463864"
83,"spotify:track:5HCk7iruzhQ1FbxyS3igmM","La Combinación Vallenata, Jean Carlos Centeno","Ayer Y Hoy","Codiscos",47,84,32,"459675"
84,"spotify:track:5tg21NdePCn5m8F9BXOEeJ","BTS","Aliens","BIGHIT MUSIC",25,58,3,"458986"
85,"spotify:track:6uiQ0DqbXTBc8tl0AUKZkR","Rels B","TU VAS SIN (fav)","DALE PLAY Records / Flakk Team",14,83,40,"458812"
86,"spotify:track:6OaGIYcVzx5c7aEKkuYS1M","Tony Dize, Yandel","Permítame","Pina Records",59,89,209,"457428"
87,"spotify:track:5DdLSEyKh8zgCrJq2hFj92","Yan Block, TORRRES","Yo sé","SONAR LLC.",42,107,66,"457235"
88,"spotify:track:7d6yK8v8J484SWH5prIQiE","Bad Bunny, Omar Courtz, Dei V","VeLDÁ","Rimas Entertainment LLC.",5,94,66,"456330"
89,"spotify:track:5OQCghydcEeA76eGdJ6GEa","ARIA VEGA","CHÉVERE (joesón_type_beat)","Plush Records",12,39,12,"454148"
90,"spotify:track:3kcr3teEgyTOVIAxMPOPeO","Yeison Jimenez","Un Perro Enamorado","YJ COMPANY",21,55,13,"452703"
91,"spotify:track:6N2iccqxRInhTLHc2Fu3W0","El Bogueto, Yung Beef","Cuando No Era Cantante","Candela Music",22,91,23,"452411"
92,"spotify:track:5AK6QqM8aUXXTk6oY00ZRh","Yan Block, De La Rose, Hades66, Ñengo Flow","444 - Remix","SONAR LLC.",34,111,21,"451606"
93,"spotify:track:6uLcqYE347zlvXD6rhiM4J","El Americano 4KT, Kobby","The Flow's Son Black!","De Mi Calle Records",68,103,11,"449677"
94,"spotify:track:6DUdDIRgLqCGq1DwkNWQTN","Maluma","Borro Cassette","Sony Music Latin",23,80,174,"449103"
95,"spotify:track:52IeC2QBiJqk9jAR5gbe14","Kris R., GeezyDee, Prodmonja","BOBADITA","WEA Latina",15,106,23,"446847"
96,"spotify:track:3u2jlo9kygiIAq7SPVuw6S","Dalmata","Dile a Tu Amiga","FM MUSIC CORP Y ASOCIADOS",25,87,131,"445469"
97,"spotify:track:0b61A7v9agI08BG21jJPQ9","BTS","they don’t know ’bout us","BIGHIT MUSIC",28,63,3,"444502"
98,"spotify:track:3hpm0fTeSqlhJbnqAgaLZs","Fuerza Regida","Marlboro Rojo","Rancho Humilde/Street Mob Records/Sony Music Latin",42,99,38,"444237"
99,"spotify:track:5FJmy7JIUXmBw88lI6vnkS","Feid","La Mejor Música","Universal Music Latino/ Grabaciones Los Poderosos",99,141,3,"440744"
100,"spotify:track:1j4XwpoLvqdkWllikDu7Rm","Luis Alberto Posada","Mal Amor","Luis Alberto Posada",32,90,23,"440680"
101,"spotify:track:5SudOD9R1Of6CsJVWZy6CQ","Romeo Santos, Prince Royce","Dardos","Sony Music Latin",98,129,14,"439462"
102,"spotify:track:1OHj2WRXOR9XdCV6PuptXv","Luister La Voz","Amarte más no pude - En vivo","Grupo B Entertainment",101,101,12,"435878"
103,"spotify:track:0l0vcZMU7AOeQmUIREoI2U","Rauw Alejandro, Bad Bunny","Qué Pasaría...","Sony Music Latin/Duars Entertainment",11,114,73,"433684"
104,"spotify:track:6r46lnXFbE9fr2d3KNaGbe","Romeo Santos","Imitadora","Sony Music Latin",29,105,119,"432622"
105,"spotify:track:7sChwC2NZjGc2Kdni3hlDg","Yan Block, Panda Black","Talento","Sonar LLC.",62,112,17,"432361"
106,"spotify:track:6cHHrFD3fmBG9MR3k8kvep","Frankie Ruiz","Tú Con Él","UMLE - Latino",44,97,200,"428833"
107,"spotify:track:59D4DOkspUbWyMmbAPQkxZ","Bad Bunny","VOY A LLeVARTE PA PR","Rimas Entertainment LLC.",4,108,66,"426012"
108,"spotify:track:3VegC0PZiHjGxb80DER8XU","BTS","Merry Go Round","BIGHIT MUSIC",30,75,3,"424103"
109,"spotify:track:4aDbrgm1ZaebS1Bb2dOXac","Milo j","Niño","Sony Music Latin",73,116,28,"422004"
110,"spotify:track:3GhmL9fuM8jwGcHCFbeo3v","Arcángel","Me Prefieres A Mi","Vida Music",42,98,123,"412561"
111,"spotify:track:3mg9jYNC1NihbthlglzrWP","KAROL G, Feid, DFZM, Ovy On The Drums, J Balvin, Maluma, Ryan Castro, Blessd","+57","Bichota/Interscope Records",1,109,74,"412074"
112,"spotify:track:3MHWnw2doUPj2ILmsyRhhN","Feid","TRANKAITO","Universal Music Latino/ Grabaciones Los Poderosos",33,53,3,"410114"
113,"spotify:track:2gmd7lY3QSzLh0xIY4cRvi","Maisak, Feid","SE ME OLVIDA","Universal Music Latino",3,166,82,"409879"
114,"spotify:track:10B0cONtHL7b8hdMRE2Du6","Blessd, Anuel AA, Kris R., Young Fatty, CARABIN3, GeezyDee, TURY","BUENOS DIAS (feat. Tury, GeezyDee, CARABIN3)","WEA Latina",8,125,22,"406905"
115,"spotify:track:0QuHK1VvIZ1Kt2GfqRrdVo","CARABIN3, SVNTI","MUSA","Dinastia INC",36,128,18,"406338"
116,"spotify:track:4DAMvNqHt0s8zJr6JwOoye","Yeison Jimenez","MLP","Yeison Jimenez",8,64,17,"404834"
117,"spotify:track:2tKVinInf0PJS1iG04zzqi","Blessd, Sebastian Ledher, Tayson Kryss, Joseph Ren","UNA NOCHE DE LOCURA","WEA Latina",10,124,46,"402976"
118,"spotify:track:3ddJ8Vbc5tYPxq5zKRVke6","KAROL G, Marco Antonio Solís","Coleccionando Heridas","Bichota/Interscope Records",10,117,42,"401753"
119,"spotify:track:5dDlknAL9imbXXl7uG7oqe","Omar Courtz","⁠LUCES DE COLORES","Mr.305 Records / Rimas Entertainment LLC.",119,159,15,"400033"
120,"spotify:track:3NgDulHteTVdF026IxY5bW","Don Omar, Kendo Kapponi","RX","UMLE - Machete",52,115,106,"399140"
121,"spotify:track:73scB4Q4fcOmnsBVZPmk32","KAROL G","Si Antes Te Hubiera Conocido","Bichota/Interscope Records",1,133,94,"398730"
122,"spotify:track:0VKkyBKCXyR99navhVRqcP","Zion & Lennox","La player (Bandolera)","WEA Latina",2,123,180,"397195"
123,"spotify:track:7yNf9YjeO5JXUE3JEBgnYc","Dominic Fike","Babydoll","Columbia",123,171,2,"396328"
124,"spotify:track:0e3d2UZRjtvviXWWMRYGQo","Blessd, J Alvarez","FANÁTICO","WEA Latina",17,95,10,"396080"
125,"spotify:track:74t17BRV4el0mU0Tb8XY1k","YOVNGCHIMI, JC Reyes","MVLAN","Glizzy Gvng Inc. / Roc Nation Distribution",125,155,5,"395178"
126,"spotify:track:5TFD2bmFKGhoCRbX61nXY5","Bad Bunny","NUEVAYoL","Rimas Entertainment LLC.",3,127,66,"394993"
127,"spotify:track:6s3w7SUVtmm68Bw5KrKMh0","BTS","One More Night","BIGHIT MUSIC",44,100,3,"390808"
128,"spotify:track:1XpVhaI4HzWrhRWIpdfyJB","BTS","Please","BIGHIT MUSIC",47,102,3,"390724"
129,"spotify:track:01dFxiEOMTTzim5J3kytjA","TURY, CARABIN3, SVNTI","CHUCHA","WEA Latina",77,156,7,"389088"
130,"spotify:track:58cLm4PaHNt8DDr9ayZnNz","Jósean Log","Doma","Jósean Log",130,-1,1,"387544"
131,"spotify:track:4MUrUT38U98olfnyzMBCzm","Bad Bunny","KLOuFRENS","Rimas Entertainment LLC.",15,137,64,"386918"
132,"spotify:track:5q2JbCNi4FcnglgPfxcV65","Anuel AA, Daddy Yankee, Zion & Lennox, Farruko, Wisin","Sola (Remix)","Spiff TV, LLC / Real Hasta La Muerte, Inc.",6,122,231,"386669"
133,"spotify:track:1a7onn7lPqqRWul5ogyMyX","Fuerza Regida","ANSIEDAD","Rancho Humilde/Street Mob Records/Sony Music Latin",75,146,31,"384603"
134,"spotify:track:5ds1Hh3lo4JUF2vflqyayK","Yiyo Sarante","Manos de Tijera","TranKYouTV",65,139,83,"380579"
135,"spotify:track:21nc3O8OncUv1jjSrC1ML2","Yiyo Sarante","Corazon de Acero","TranKYouTV",52,132,200,"380072"
136,"spotify:track:0h54mLixODOqU6vTcZMqVM","Omar Courtz, ROA","WO OH OH","Rimas Entertainment LLC.",75,170,7,"379161"
137,"spotify:track:3QwBODjSEzelZyVjxPOHdq","Zion & Lennox, J Balvin","Otra Vez (feat. J Balvin)","WEA Latina",1,120,305,"378287"
138,"spotify:track:1ZNolq7VI7efGlh2hb2VVr","BTS","Into the Sun","BIGHIT MUSIC",50,113,3,"376816"
139,"spotify:track:4ZGk5h0sIfeunWEKzXEoHr","Tito Rojas","Siempre Sere","Musical Productions",106,136,58,"375066"
140,"spotify:track:73BrH4q0vUdhT34uK9j98O","Luister La Voz","Las Cartas","Universal Music Colombia S.A.S.",126,172,25,"374904"
141,"spotify:track:71w26UK674tLfGtJFfDSjE","Arcángel","Ganas De Ti","Cinq Recordings",78,130,60,"374861"
142,"spotify:track:34vXRJ2bCSFiZKQzVUYVOb","Grupo Frontera, Grupo Firme","EL AMOR DE SU VIDA","BorderTown Records",28,143,97,"373494"
143,"spotify:track:3plyGpDgzfrnZbpElpfioV","BTS","No. 29","BIGHIT MUSIC",46,110,3,"364832"
144,"spotify:track:2ROj8GoI45RQouYomaLDTm","GeezyDee, Kris R.","Parche Tranqui","24K Records",52,151,27,"364620"
145,"spotify:track:1C7NXX8UJ6pgNx8EkmyZDd","Beéle","si te pillara","5020 Records",6,147,46,"363837"
146,"spotify:track:4Udf3NPZZVggwmVXHcjuqA","Yeison Jimenez","El Mejor Caballo","YJ COMPANY",20,150,13,"363489"
147,"spotify:track:7LABrQFfRYcZUqUwng0Heb","Yandel","Encantadora","Sony Music Latin",39,118,95,"361351"
148,"spotify:track:7xDwU3I38ReireLvv79h63","Grupo Niche","Sin Sentimientos","Sony Music Latin",44,152,192,"359242"
149,"spotify:track:5hWpXZOs7vpz0JD3CIylsb","ROA","FANTASÍA","Universal Music Latino",77,157,49,"358564"
150,"spotify:track:0FsXZAMf6NACvNJ2LI6ySp","Frankie Ruiz","Deseándote","UMLE - Latino",90,134,166,"358281"
151,"spotify:track:1i1n7hUzCDkXGFqIJSSzom","Beéle","frente al mar","5020 Records",13,165,80,"355829"
152,"spotify:track:5GTBdEjZe7zEDp1N0eCZE4","Peso Pluma, Estevan Plazola","HOLLYWOOD","2024 Double P Records",70,164,59,"355372"
153,"spotify:track:7qbPQqOYYMPdQqRqv7bNin","Yeison Jimenez","Ya No Mi Amor","YJ COMPANY",9,135,21,"353323"
154,"spotify:track:3f4AsGGYt94t7g1lHcsa8D","Alzate, Yeison Jimenez","Mi Venganza","Desde Abajo Records",11,126,67,"350984"
155,"spotify:track:4skuEIloXWuxxgekKupkEH","Mon Laferte","Tu Falta De Querer","Universal Music Mexico",90,167,44,"350827"
156,"spotify:track:7vG1MXouw92YxaO7ALCS0L","Feid","El Hexxo","Universal Music Latino/ Grabaciones Los Poderosos",74,138,3,"348804"
157,"spotify:track:4dyzxv5SsdBtunuU3qj7Ti","Fresto Music","Me Hace Daño Verte","Codiscos",30,184,191,"348124"
158,"spotify:track:6NSMQFKgjpQb0KkjMDYIK0","Arcángel, Bad Bunny, Mambo Kingz, DJ Luian","Tu No Vive Asi (feat. Mambo Kingz & DJ Luian)","Hear This Music",64,179,211,"345125"
159,"spotify:track:72q1JMsCJbKNbWgzipGi6x","Yeison Maje, Ciro Quiñonez, Luis Alfonso, Yeison Jimenez","El Embustero RMX","Marsal Music",40,119,13,"344739"
160,"spotify:track:0sOrHE0vkEhrmWZnhqjP36","Blessd, Hades66, Blackinny, Young Fatty","MAS QUE AMIGOS","WEA Latina",49,168,44,"344729"
161,"spotify:track:482PEx8hfMHSsuGtHd960A","Kapo","OHNANA","Sony Music Latin/La Industria",3,144,95,"343773"
162,"spotify:track:4Kprdu7yqi4BRkDmxw1UOx","Luister La Voz","El Capataz","El Grupo B",162,188,2,"343244"
163,"spotify:track:3eIvjtwoYC16ElxYE6ph7J","Ele A El Dominio","Hace Mucho Tiempo","InnerCat Music Group, LLC",68,199,93,"342865"
164,"spotify:track:69Ej1xrGjOcHvIMtMKxK0G","Don Omar","Dile","UMLE - Machete",22,154,283,"341153"
165,"spotify:track:27ze5t5tIDPlVits0KRbxT","Aventura","El Perdedor","Premium Latin Music",42,178,82,"340384"
166,"spotify:track:2lGGv17kLfOrdVzNFzuQWM","El Americano 4KT, Tony Monta","WELCOME","El Americano 4KT",144,177,10,"339604"
167,"spotify:track:3EK4tGkSiO5xvvB5sM4tln","Mon Laferte, Juanes","Amárrame","Universal Music Mexico",140,183,5,"337353"
168,"spotify:track:5sMHuOIvtsSuFZafTcF19Q","Pipe Bueno, Jessi Uribe, Yeison Jimenez, Carín León, Alzate, Darío Gómez, Luis Alberto Posada, El Charrito Negro, Jhonny Rivera, Jhon Alex Castaño, Juan Pablo Navarrete","Guaro (Remix)","Pipe Bueno",15,145,90,"332456"
169,"spotify:track:6eLQXa6uk2EW8drsiKbABZ","Fuerza Regida","TU SANCHO","Rancho Humilde/Street Mob Records/Sony Music Latin",37,173,38,"331587"
170,"spotify:track:2HbmLkHkkI15eES8kpWRuI","Los Hijos De Puerto Rico","Separados","CM ANGEL (A91)",59,161,104,"331254"
171,"spotify:track:0WaiS952DEP6HoR3Yal7aT","Feid","Boleritoxx","Universal Music Latino/ Grabaciones Los Poderosos",56,148,3,"329962"
172,"spotify:track:2Bhmj4XK33InfhqKPxcJ1v","Aventura","Dile al Amor","Premium Latin Music",64,186,85,"328950"
173,"spotify:track:380HmhwTE2NJgawn1NwkXi","J Balvin","Rojo","UMLE - Latino",1,176,87,"328042"
174,"spotify:track:0YZOQUJTS3saBjtLczB0W5","Kris R.","GAMINA","WEA Latina",50,181,4,"327418"
175,"spotify:track:5u4XWSNpF4wE6W6i78Uf1B","Rayo & Toby","Movimiento de Caderas","SUENA Music Management",22,153,53,"326796"
176,"spotify:track:6IV5Y1eWaQZ1jV5apkUMS4","Grupo Firme, Gerardo Coronel","Qué Onda Perdida","Que Onda Perdida",76,182,43,"326012"
177,"spotify:track:7hynhxDoDpgMIV12JuVtNa","J Balvin, Bad Bunny, Marciano Cantero","UN PESO","Universal Music Latino / Rimas",18,193,326,"325493"
178,"spotify:track:5PB1ITleNasy7UMYEaBWkL","Yeison Jimenez","Qué Día Es Hoy","YJ COMPANY",23,142,13,"324991"
179,"spotify:track:6UtWwuheJr5LLDeVypPNx7","Fuerza Regida","EXCESOS","Rancho Humilde/Street Mob Records",179,-1,3,"324671"
180,"spotify:track:0fLOPPoyIaPTe8dm2Mrft3","Anuel AA","Tú No Lo Amas","2018 Real Hasta La Muerte, Inc.",157,-1,2,"324249"
181,"spotify:track:5mp6OBKCAjN4UYRvhOuUze","Oscar Maydon, Fuerza Regida","Tu Boda","Rancho Humilde/Sony Music Latin",11,-1,73,"323705"
182,"spotify:track:2T6BBNQW4t81x2ddqWrGzs","Yeison Jimenez","Se Acabó","Yeison Jimenez",22,149,13,"322478"
183,"spotify:track:2beS6dD5rovBxSA1zYoSHR","JHAYCO, J Balvin, Bad Bunny","No Me Conoce - Remix","N&E Entertainment LLC",3,195,319,"321611"
184,"spotify:track:6829KtrgNt2ZwrsE19nTEd","Yeison Jimenez","Ni Tengo Ni Necesito","Vibras Lab - Fonovisa",18,121,13,"321506"
185,"spotify:track:2mLTxNa0bwZX8eNBsuODLX","Camilo, Carín León","Una Vida Pasada","Sony Music Latin/Hecho a Mano (HAMM)",19,185,78,"317582"
186,"spotify:track:7zwgHkTKv86nMOREN5k1hx","Clarent","BIENVENIDA","WEA Latina",141,-1,8,"316781"
187,"spotify:track:3fJHbMUnzceimOnNjp63fF","Carín León","Primera Cita","Socios Music, LLC",7,194,140,"316251"
188,"spotify:track:1JXcB149QtbcIpDUA6YZOB","Grupo Niche","Algo Que Se Quede","Grupo Niche",30,196,239,"315498"
189,"spotify:track:4MjDJD8cW7iVeWInc2Bdyj","Bad Bunny","MONACO","Rimas Entertainment LLC",2,-1,47,"315182"
190,"spotify:track:5HCGrYR7g9u2X9Ju83yQLm","Adolescent's Orquesta","Virgen","Korta Records",69,198,157,"315055"
191,"spotify:track:4MSfAq3HZsIbTri2IEsCH1","Feid","SE LO JURO MOR","Universal Music Latino/ Grabaciones Los Poderosos",17,160,17,"313301"
192,"spotify:track:4wJIK6V5jFaXbOUbuJ7iPd","GeezyDee, Miky Woodz, Los Money Makers","BABIDI","24K Records",174,174,2,"313039"
193,"spotify:track:0EFxJw34fK8DWlTxx9qYeW","Blessd","Instagram","WEA Latina",2,-1,193,"311394"
194,"spotify:track:5YJ4BVvTFmVCxUyhKejHfR","Tego Calderón","Pa' Que Retozen","Jiggiri Records, Inc.",18,180,276,"311241"
195,"spotify:track:6I86RF3odBlcuZA9Vfjzeq","Romeo Santos","Eres Mía","Sony Music Latin",65,190,59,"310763"
196,"spotify:track:5jJTqI5yteOyLWoDTjiHCO","Luis Enrique","Yo No Sé Mañana","Luis Enrique Oficial",77,-1,48,"310470"
197,"spotify:track:1nDvFYTsaQwxt5CTk7LJ5E","Yeison Jimenez, Pasabordo","Hasta La Madre","Yeison Jimenez",20,192,48,"310467"
198,"spotify:track:0ftcn4ddKESqQMA784Ebc0","Yeison Jimenez","Aventurero","Sony Music Entertainment",13,162,88,"310176"
199,"spotify:track:1YYfyJ2yCvGFCxwjsIqEK9","Rauw Alejandro, Romeo Santos","Khé?","Sony Music Latin/Duars Entertainment",7,163,73,"309871"
200,"spotify:track:5iwgEFKEktjBBZV3C9TTZj","Willie Colón","Idilio","Sony Tropical",22,191,18,"309657"
